Country,Wave_Number,Start_Date,Peak_Date,End_Date,Duration_Days,Peak_IA14,Infected_In_Wave
Afghanistan,1,2021-03-02,2021-06-27,2021-09-04,186,60.33,97642
Albania,1,2020-05-18,2020-08-25,2020-09-07,112,81.46,9309
Albania,2,2020-10-03,2020-12-13,2021-01-05,94,431.98,45658
Albania,3,2021-01-05,2021-02-20,2021-07-03,179,602.74,72903
Albania,4,2021-07-03,2021-09-14,2021-10-19,108,494.94,45662
Albania,5,2021-10-19,2021-11-14,2021-12-27,69,307.62,29521
Albania,6,2021-12-27,2022-01-24,2022-03-27,90,1102.5,65678
Albania,7,2022-05-19,2022-07-26,2022-12-02,197,685.17,57628
Angola,1,2021-12-13,2022-01-07,2022-02-21,70,50.81,33234
Argentina,1,2020-03-09,2020-10-24,2020-12-18,284,435.08,1524360
Argentina,2,2020-12-18,2021-01-19,2021-02-27,71,339.14,574356
Argentina,3,2021-02-27,2021-04-26,2021-05-10,72,721.36,1049012
Argentina,4,2021-05-10,2021-06-02,2021-10-18,161,969.83,2124811
Argentina,5,2021-10-18,2022-01-22,2022-04-24,188,3398.91,3788372
Argentina,6,2022-04-24,2022-06-04,2022-07-07,74,209.95,333403
Argentina,7,2022-07-07,2022-08-06,2022-11-13,129,209.02,325906
Argentina,8,2022-11-13,2023-01-04,2023-03-08,115,294.6,324725
Armenia,1,2020-04-17,2020-07-03,2020-09-07,143,273.77,43624
Armenia,2,2020-09-07,2020-11-07,2021-02-11,157,971.36,123713
Armenia,3,2021-02-11,2021-04-07,2021-06-17,126,435.71,55408
Armenia,4,2021-06-17,2021-11-03,2022-01-12,209,890.84,122320
Armenia,5,2022-01-12,2022-02-11,2022-05-19,127,1334.52,76693
Armenia,6,2022-05-19,2022-09-17,2022-12-26,221,164.44,22964
Australia,1,2021-06-13,2021-10-19,2021-11-23,163,124.31,170403
Australia,2,2021-12-19,2022-01-20,2022-02-24,67,4910.97,2902880
Australia,3,2022-02-24,2022-04-06,2022-05-03,68,3078.91,2906139
Australia,4,2022-05-03,2022-05-21,2022-06-19,47,2664.55,1771001
Australia,5,2022-06-19,2022-07-27,2022-09-25,98,2453.11,2400550
Australia,6,2022-10-27,2022-12-18,2023-02-16,112,863.14,982273
Austria,1,2020-03-07,2020-04-04,2020-06-16,101,94.5,16992
Austria,2,2020-08-07,2020-11-20,2021-01-06,152,1041.75,344404
Austria,3,2021-02-12,2021-04-02,2021-07-06,144,483.28,223020
Austria,4,2021-07-06,2021-09-21,2021-10-08,94,303.52,103840
Austria,5,2021-10-08,2021-11-27,2021-12-30,83,2030.18,514046
Austria,6,2021-12-30,2022-02-11,2022-03-02,62,5159.5,1428353
Austria,7,2022-03-02,2022-03-24,2022-06-05,95,6803.4,1603177
Austria,8,2022-06-05,2022-07-23,2022-09-12,99,1793.25,688991
Austria,9,2022-09-12,2022-10-14,2022-11-19,68,2063.55,539044
Austria,10,2022-11-19,2022-12-20,2023-01-23,65,768.81,244703
Austria,11,2023-01-23,2023-03-06,2023-03-09,45,866.66,200260
Azerbaijan,1,2020-05-01,2020-07-11,2020-08-22,113,75.94,33117
Azerbaijan,2,2020-10-04,2020-12-14,2021-02-16,135,579.05,191636
Azerbaijan,3,2021-02-16,2021-04-16,2021-06-26,130,301.18,103544
Azerbaijan,4,2021-06-26,2021-09-02,2021-10-10,106,505.49,155406
Azerbaijan,5,2021-10-10,2021-11-07,2022-01-13,95,300.74,131734
Azerbaijan,6,2022-01-13,2022-02-15,2022-05-21,128,851.84,169851
Azerbaijan,7,2022-07-09,2022-08-31,2022-11-18,132,69.73,30461
Bahrain,1,2020-02-14,2020-07-04,2020-08-08,176,493.05,43307
Bahrain,2,2020-08-28,2020-09-22,2020-12-01,95,642.97,36200
Bahrain,3,2020-12-01,2021-02-21,2021-03-13,102,687.19,42869
Bahrain,4,2021-03-13,2021-04-18,2021-04-27,45,1017.72,42751
Bahrain,5,2021-04-27,2021-06-01,2021-07-25,89,2398.01,95837
Bahrain,6,2021-12-14,2022-02-11,2022-04-30,137,6290.87,290302
Bahrain,7,2022-04-30,2022-05-19,2022-06-01,32,569.35,17298
Bahrain,8,2022-06-01,2022-07-02,2022-09-08,99,1599.89,87401
Bahrain,9,2022-09-08,2022-10-03,2022-10-25,47,341.61,14978
Bahrain,10,2023-02-10,2023-03-03,2023-03-09,27,431.75,9471
Bangladesh,1,2021-05-23,2021-08-08,2021-11-15,176,105.6,784775
Bangladesh,2,2022-01-03,2022-02-04,2022-05-10,127,104.9,366363
Barbados,1,2020-12-20,2021-01-16,2021-02-04,46,199.25,1304
Barbados,2,2021-02-04,2021-02-24,2021-04-25,80,351.85,2209
Barbados,3,2021-06-19,2021-07-23,2021-08-12,54,64.04,456
Barbados,4,2021-08-12,2021-11-03,2021-12-24,134,1705.22,22990
Barbados,5,2021-12-24,2022-02-04,2022-03-24,90,3177.96,30532
Barbados,6,2022-03-24,2022-05-13,2022-06-23,91,2186.34,25224
Barbados,7,2022-06-23,2022-08-14,2022-10-11,110,1934.44,19338
Barbados,8,2022-10-11,2022-10-27,2022-11-17,37,138.54,965
Barbados,9,2022-11-17,2022-12-05,2022-12-26,39,253.15,1399
Barbados,10,2022-12-26,2023-01-10,2023-01-30,35,230.73,1213
Belarus,1,2020-03-27,2020-05-23,2020-08-17,143,141.58,69430
Belarus,2,2020-08-17,2020-12-25,2021-03-19,214,286.42,237008
Belarus,3,2021-08-01,2021-10-27,2022-01-14,166,304.49,265683
Belarus,4,2022-01-14,2022-02-20,2022-05-31,137,1116.11,271144
Belarus,5,2022-06-22,2022-07-12,2022-08-01,40,109.11,11170
Belgium,1,2020-03-06,2020-04-16,2020-07-08,124,169.35,62008
Belgium,2,2020-07-08,2020-08-16,2020-09-04,58,73.02,24486
Belgium,3,2020-09-04,2020-11-02,2020-12-11,98,1783.84,513853
Belgium,4,2021-01-09,2021-02-04,2021-02-18,40,271.8,83179
Belgium,5,2021-02-18,2021-04-02,2021-06-28,130,550.12,338594
Belgium,6,2021-06-28,2021-09-02,2021-09-12,76,242.36,123040
Belgium,7,2021-10-06,2021-12-05,2021-12-29,84,2121.97,809249
Belgium,8,2021-12-29,2022-01-31,2022-03-07,68,5494.24,1523456
Belgium,9,2022-03-07,2022-04-01,2022-06-08,93,1263.17,578406
Belgium,10,2022-06-08,2022-07-17,2022-09-10,94,861.49,332501
Belgium,11,2022-09-10,2022-10-13,2022-11-19,70,364.07,129987
Belgium,12,2022-11-19,2022-12-18,2023-01-03,45,159.07,41062
Belize,1,2020-07-29,2020-09-02,2020-09-24,57,142.92,1658
Belize,2,2020-09-24,2020-10-14,2020-10-23,29,167.11,1289
Belize,3,2020-10-23,2020-11-12,2020-11-24,32,296.66,2254
Belize,4,2020-11-24,2020-12-13,2021-03-30,126,804.71,7166
Belize,5,2021-05-18,2021-10-24,2021-12-22,218,813.19,18580
Belize,6,2021-12-22,2022-01-25,2022-04-15,114,2554.81,26009
Belize,7,2022-04-15,2022-06-29,2022-11-06,205,582.48,11626
Belize,8,2022-11-06,2022-12-28,2023-03-09,123,135.87,1800
Bhutan,1,2021-12-31,2022-04-17,2022-05-19,139,2635.75,56914
Bhutan,2,2022-06-15,2022-08-01,2022-08-22,68,54.04,1135
Bolivia,1,2020-03-03,2020-07-30,2020-11-30,272,178.13,144622
Bolivia,2,2020-11-30,2021-01-30,2021-03-28,118,247.17,124680
Bolivia,3,2021-03-28,2021-06-06,2021-09-29,185,326.13,230346
Bolivia,4,2021-09-29,2022-01-20,2022-03-17,169,1184.5,398816
Bolivia,5,2022-05-06,2022-08-01,2022-11-04,182,563.63,204300
Bolivia,6,2022-11-25,2022-12-30,2023-03-02,97,254.03,82843
Bosnia and Herzegovina,1,2020-06-01,2020-08-07,2020-08-21,81,120.91,14519
Bosnia and Herzegovina,2,2020-10-06,2020-11-11,2021-02-12,129,663.28,96674
Bosnia and Herzegovina,3,2021-02-12,2021-04-03,2021-07-09,147,665.11,79924
Bosnia and Herzegovina,4,2021-07-09,2021-09-25,2021-10-22,105,313.02,42135
Bosnia and Herzegovina,5,2021-10-22,2021-11-15,2021-12-28,67,332.74,40946
Bosnia and Herzegovina,6,2021-12-28,2022-01-26,2022-06-14,168,978.16,89984
Bosnia and Herzegovina,7,2022-06-14,2022-08-15,2022-12-14,183,175.87,22610
Botswana,1,2020-10-05,2020-10-25,2020-11-08,34,100.88,4663
Botswana,2,2020-12-27,2021-02-01,2021-02-19,54,168.08,12499
Botswana,3,2021-02-19,2021-03-10,2021-03-23,32,215.35,11035
Botswana,4,2021-05-11,2021-06-27,2021-07-02,52,325.37,22402
Botswana,5,2021-07-02,2021-08-13,2021-09-11,71,1166.92,92222
Botswana,6,2021-09-11,2021-09-22,2021-10-16,35,505.95,18191
Botswana,7,2021-10-16,2021-11-10,2021-12-04,49,286.12,13446
Botswana,8,2021-12-04,2022-01-08,2022-03-17,103,835.04,68648
Botswana,9,2022-03-17,2022-04-06,2022-04-26,40,1575.81,41909
Botswana,10,2022-04-26,2022-05-11,2022-05-22,26,35.22,755
Botswana,11,2022-05-22,2022-06-27,2022-09-01,102,348.95,19250
Botswana,12,2022-11-21,2022-12-13,2023-01-01,41,99.02,3476
Brazil,1,2020-03-09,2020-07-07,2020-07-17,130,249.29,2037392
Brazil,2,2020-07-17,2020-08-08,2020-11-07,113,300.38,3620527
Brazil,3,2020-11-07,2020-12-20,2021-01-03,57,298.48,2081181
Brazil,4,2021-01-03,2021-01-24,2021-02-17,45,358.85,2219776
Brazil,5,2021-02-17,2021-03-28,2021-05-05,77,495.48,4932108
Brazil,6,2021-06-06,2021-06-24,2021-09-12,98,478.03,4081571
Brazil,7,2021-12-28,2022-02-06,2022-04-30,123,1181.85,8182824
Brazil,8,2022-05-17,2022-07-11,2022-11-05,172,400.79,4147299
Brazil,9,2022-11-05,2022-12-22,2023-03-09,124,268.6,2233073
Bulgaria,1,2020-09-13,2020-11-21,2021-01-27,136,713.08,198525
Bulgaria,2,2021-01-27,2021-03-31,2021-07-14,168,775.93,206203
Bulgaria,3,2021-07-14,2021-09-07,2021-09-13,61,310.02,48653
Bulgaria,4,2021-09-13,2021-11-04,2021-12-25,103,976.97,261867
Bulgaria,5,2021-12-25,2022-02-01,2022-06-14,171,1841.62,434008
Bulgaria,6,2022-06-14,2022-08-04,2022-09-20,98,344.74,85468
Burundi,1,2021-12-05,2022-01-09,2022-02-04,61,73.06,17123
Cabo Verde,1,2020-05-29,2020-07-23,2020-08-04,67,116.36,2193
Cabo Verde,2,2020-08-04,2020-10-19,2020-12-31,149,265.97,9210
Cabo Verde,3,2020-12-31,2021-01-25,2021-02-22,53,223.25,3255
Cabo Verde,4,2021-03-16,2021-05-07,2021-08-07,144,785.68,17856
Cabo Verde,5,2021-08-07,2021-09-13,2021-11-22,107,255.74,4351
Cabo Verde,6,2021-12-20,2022-01-13,2022-02-11,53,2195.34,17238
Cabo Verde,7,2022-04-12,2022-07-02,2022-09-26,167,528.28,6386
Cabo Verde,8,2022-10-24,2022-11-23,2023-02-05,104,55.81,832
Cambodia,1,2021-02-11,2021-05-08,2021-05-24,102,53.14,24727
Canada,1,2020-03-08,2020-04-27,2020-07-08,122,61.06,106449
Canada,2,2020-08-17,2020-12-20,2020-12-25,130,244.61,420576
Canada,3,2021-02-28,2021-04-23,2021-07-21,143,312.25,560198
Canada,4,2021-07-21,2021-09-26,2021-11-08,110,159.53,307352
Canada,5,2021-11-08,2022-01-12,2022-03-20,132,1395.07,1667276
Canada,6,2022-03-20,2022-04-23,2022-06-25,97,412.22,550418
Canada,7,2022-06-25,2022-07-27,2022-09-17,84,181.64,306840
Central African Republic,1,2021-07-28,2021-08-17,2021-09-06,40,72.78,4148
Chile,1,2020-03-09,2020-06-13,2020-08-30,174,437.28,407989
Chile,2,2020-11-27,2021-01-28,2021-02-21,86,296.98,250183
Chile,3,2021-02-21,2021-04-15,2021-05-15,83,508.75,477671
Chile,4,2021-05-15,2021-06-10,2021-09-16,124,514.57,371717
Chile,5,2021-09-16,2021-11-23,2021-12-30,105,174.46,157658
Chile,6,2021-12-30,2022-02-17,2022-05-03,124,2512.88,1759630
Chile,7,2022-05-03,2022-06-22,2022-07-27,85,728.2,633259
Chile,8,2022-07-27,2022-08-18,2022-09-23,58,704.8,398739
Chile,9,2022-10-12,2022-11-16,2022-12-18,67,432.95,322791
Chile,10,2022-12-18,2023-01-04,2023-02-17,61,294.11,164587
Colombia,1,2020-03-08,2020-08-21,2020-10-03,209,301.34,841531
Colombia,2,2020-10-03,2020-11-07,2020-11-24,52,244.55,413447
Colombia,3,2020-11-24,2021-01-22,2021-03-11,107,452.32,1030981
Colombia,4,2021-03-11,2021-04-30,2021-05-17,67,469.36,832466
Colombia,5,2021-05-17,2021-07-01,2021-10-22,158,798.38,1867823
Colombia,6,2021-12-23,2022-01-23,2022-05-09,137,788.66,980926
Colombia,7,2022-05-09,2022-07-19,2022-10-27,171,95.97,215523
Comoros,1,2020-12-10,2021-01-28,2021-03-17,97,140.96,3030
Comoros,2,2021-12-12,2022-01-06,2022-01-31,50,259.42,3268
Costa Rica,1,2020-05-04,2020-09-22,2020-10-08,157,331.09,82758
Costa Rica,2,2021-03-11,2021-05-22,2021-07-31,142,656.05,198982
Costa Rica,3,2021-07-31,2021-09-14,2021-12-25,147,655.34,162046
Costa Rica,4,2021-12-25,2022-02-06,2022-04-21,117,1566.63,278924
Costa Rica,5,2022-04-21,2022-05-30,2022-07-09,79,516.75,57150
Costa Rica,6,2022-07-09,2022-07-30,2022-08-21,43,2160.59,164228
Costa Rica,7,2022-11-28,2023-01-02,2023-01-20,53,205.41,33917
Croatia,1,2020-08-07,2020-09-06,2020-09-30,54,97.67,10976
Croatia,2,2020-09-30,2020-12-12,2021-02-22,145,1265.58,223565
Croatia,3,2021-02-22,2021-04-25,2021-07-03,131,773.56,120122
Croatia,4,2021-07-03,2021-11-20,2021-12-26,176,1818.31,333035
Croatia,5,2021-12-26,2022-01-30,2022-03-15,79,3029.39,380425
Croatia,6,2022-06-13,2022-07-28,2022-09-18,97,481.97,84550
Croatia,7,2022-11-23,2022-12-26,2023-03-03,100,124.96,17337
Cuba,1,2020-11-23,2021-02-16,2021-03-23,120,105.58,59630
Cuba,2,2021-06-09,2021-08-18,2021-09-10,93,1136.63,569480
Cuba,3,2021-09-10,2021-09-22,2021-12-26,107,1004.79,243868
Cuba,4,2021-12-26,2022-01-27,2022-03-10,74,407.0,109862
Cyprus,1,2020-09-13,2021-01-09,2021-02-19,159,548.3,31819
Cyprus,2,2021-02-19,2021-03-23,2021-03-26,35,396.31,10622
Cyprus,3,2021-03-26,2021-04-29,2021-06-19,85,818.31,30604
Cyprus,4,2021-06-19,2021-07-24,2021-10-07,110,1036.94,46196
Cyprus,5,2021-10-07,2021-12-10,2021-12-19,73,584.97,23952
Cyprus,6,2021-12-19,2022-01-13,2022-01-31,43,4054.81,108637
Cyprus,7,2022-01-31,2022-02-14,2022-03-05,33,2746.09,76324
Cyprus,8,2022-03-05,2022-04-01,2022-04-28,54,4695.46,140807
Cyprus,9,2022-04-28,2022-05-05,2022-06-02,35,987.37,19482
Cyprus,10,2022-06-02,2022-07-18,2022-09-08,98,2214.26,88067
Cyprus,11,2022-09-08,2022-10-03,2022-10-19,41,427.86,15512
Cyprus,12,2022-10-19,2022-12-02,2023-01-03,76,626.94,37569
Cyprus,13,2023-01-03,2023-01-16,2023-02-16,44,505.75,14404
Cyprus,14,2023-02-16,2023-03-07,2023-03-09,21,281.02,5170
Denmark,1,2020-02-27,2020-04-12,2020-06-16,110,61.54,12417
Denmark,2,2020-09-01,2020-10-01,2020-10-15,44,118.44,16677
Denmark,3,2020-10-15,2020-12-25,2021-02-18,126,759.19,172198
Denmark,4,2021-02-18,2021-03-23,2021-04-14,55,173.28,35277
Denmark,5,2021-04-14,2021-05-26,2021-06-30,77,246.8,54601
Denmark,6,2021-06-30,2021-07-27,2021-08-03,34,207.15,25430
Denmark,7,2021-09-27,2022-02-10,2022-06-03,249,10859.89,2826038
Denmark,8,2022-06-03,2022-07-18,2022-09-15,104,521.8,145573
Denmark,9,2022-09-15,2022-10-16,2022-11-21,67,313.7,61877
Denmark,10,2022-11-21,2022-12-19,2023-02-04,75,275.39,54697
Djibouti,1,2020-03-29,2020-04-23,2020-05-11,43,68.86,1196
Djibouti,2,2020-05-11,2020-06-04,2020-06-29,49,175.61,3433
Djibouti,3,2021-02-04,2021-04-10,2021-07-10,156,210.1,5678
Djibouti,4,2021-08-10,2021-10-06,2021-11-30,112,80.06,1841
Djibouti,5,2021-12-22,2022-01-19,2022-03-05,73,106.29,2004
Dominican Republic,1,2020-03-12,2020-08-02,2020-09-04,176,172.41,96624
Dominican Republic,2,2020-11-05,2021-01-26,2021-04-05,151,194.51,126017
Dominican Republic,3,2021-05-03,2021-06-10,2021-08-24,113,155.07,80571
Dominican Republic,4,2021-09-18,2021-11-18,2021-12-23,96,130.54,57547
Dominican Republic,5,2021-12-23,2022-01-21,2022-04-22,120,736.93,166691
Dominican Republic,6,2022-04-22,2022-07-10,2022-09-01,132,129.61,59546
Ecuador,1,2020-03-10,2020-05-03,2020-05-24,75,99.45,39356
Ecuador,2,2020-12-26,2021-01-29,2021-02-15,51,109.77,58395
Ecuador,3,2021-12-01,2022-01-27,2022-05-13,163,631.69,343713
Ecuador,4,2022-05-13,2022-06-20,2022-06-26,44,80.55,30693
Ecuador,5,2022-06-26,2022-07-29,2022-08-19,54,178.57,84763
Ecuador,6,2022-11-24,2022-12-23,2023-01-16,53,73.94,30505
El Salvador,1,2020-03-16,2020-08-09,2020-09-15,183,93.49,27009
El Salvador,2,2022-01-06,2022-02-23,2022-05-11,125,191.79,40026
El Salvador,3,2022-05-11,2022-07-14,2022-07-25,75,151.33,18881
El Salvador,4,2022-08-20,2022-09-06,2022-09-26,37,160.97,10967
Equatorial Guinea,1,2020-06-15,2020-07-06,2020-07-22,37,69.11,1765
Equatorial Guinea,2,2020-07-22,2020-08-07,2020-08-27,36,90.25,1857
Equatorial Guinea,3,2021-08-15,2021-09-23,2021-12-25,132,81.76,4651
Equatorial Guinea,4,2021-12-25,2022-01-18,2022-02-16,53,84.89,2246
Estonia,1,2020-03-02,2020-04-08,2020-05-19,78,52.48,1783
Estonia,2,2020-10-22,2021-01-12,2021-02-01,102,588.73,40037
Estonia,3,2021-02-01,2021-03-20,2021-07-04,153,1533.16,86953
Estonia,4,2021-07-04,2021-11-05,2021-12-14,163,1717.58,97435
Estonia,5,2021-12-14,2022-02-11,2022-05-16,153,6709.6,345326
Estonia,6,2022-06-26,2022-07-16,2022-07-26,30,298.34,5827
Estonia,7,2022-07-26,2022-08-11,2022-09-14,50,503.72,15223
Estonia,8,2022-09-14,2022-10-10,2022-12-02,79,193.34,9701
Eswatini,1,2020-05-29,2020-08-17,2020-11-07,162,88.03,5697
Eswatini,2,2020-12-05,2021-01-21,2021-03-30,115,261.42,10846
Eswatini,3,2021-03-30,2021-04-19,2021-05-09,40,80.52,1151
Eswatini,4,2021-05-30,2021-08-17,2021-10-31,154,811.17,27824
Eswatini,5,2021-11-26,2021-12-22,2022-03-25,119,1033.29,23119
Eswatini,6,2022-04-18,2022-05-17,2022-08-01,105,88.39,3178
Fiji,1,2021-05-13,2021-08-01,2021-12-03,204,1504.97,52371
Fiji,2,2021-12-19,2022-01-17,2022-02-24,67,547.99,11064
Fiji,3,2022-05-18,2022-07-21,2022-10-16,151,114.22,3436
Finland,1,2020-10-30,2020-12-08,2021-01-10,72,112.14,22641
Finland,2,2021-01-10,2021-03-20,2021-05-11,121,173.15,50447
Finland,3,2021-06-19,2021-08-15,2021-09-24,97,184.23,44229
Finland,4,2021-10-26,2022-01-18,2022-02-05,102,2070.13,359231
Finland,5,2022-02-05,2022-02-16,2022-03-02,25,1615.71,142551
Finland,6,2022-03-02,2022-03-22,2022-04-17,46,2118.63,292140
Finland,7,2022-04-17,2022-04-29,2022-06-03,47,1317.52,155628
Finland,8,2022-06-26,2022-07-12,2022-07-27,31,460.52,37437
Finland,9,2022-07-27,2022-08-14,2022-09-17,52,1030.95,106439
Finland,10,2022-09-17,2022-10-18,2022-11-02,46,515.55,71264
France,1,2020-03-02,2020-04-19,2020-05-24,83,146.57,208297
France,2,2020-06-29,2020-11-09,2020-12-10,164,998.32,2222724
France,3,2020-12-10,2021-02-02,2021-02-17,69,417.71,1168760
France,4,2021-02-17,2021-04-08,2021-07-03,136,750.05,2643074
France,5,2021-07-03,2021-08-17,2021-10-17,106,497.17,1342990
France,6,2021-10-17,2022-01-28,2022-03-09,143,7181.17,16161183
France,7,2022-03-09,2022-04-09,2022-06-06,89,2846.34,6517098
France,8,2022-06-06,2022-07-13,2022-09-07,93,2371.4,5005495
France,9,2022-09-07,2022-10-18,2022-11-13,67,1152.83,2448641
France,10,2022-11-13,2022-12-15,2023-02-19,98,1233.89,2498551
Gabon,1,2020-03-04,2020-05-28,2020-06-11,99,56.06,3375
Gabon,2,2020-10-25,2021-02-25,2021-03-04,130,86.67,6335
Gabon,3,2021-08-02,2021-10-10,2021-12-16,136,124.7,12297
Gabon,4,2021-12-16,2022-01-08,2022-04-14,119,205.52,9910
Georgia,1,2020-08-31,2020-12-09,2021-03-13,194,1574.36,272908
Georgia,2,2021-03-13,2021-05-12,2021-06-25,104,487.75,87107
Georgia,3,2021-06-25,2021-08-24,2021-10-03,100,1781.91,255105
Georgia,4,2021-10-03,2021-11-14,2022-01-03,92,1691.81,321051
Georgia,5,2022-01-03,2022-02-12,2022-05-14,131,7683.09,718326
Georgia,6,2022-06-18,2022-08-21,2022-09-07,81,673.58,76927
Georgia,7,2022-09-07,2022-09-23,2022-10-17,40,855.89,45009
Georgia,8,2022-10-17,2022-11-30,2022-12-21,65,512.57,27394
Georgia,9,2022-12-21,2023-02-22,2023-03-09,78,173.97,19452
Germany,1,2020-03-06,2020-04-09,2020-06-14,100,84.66,185622
Germany,2,2020-09-08,2020-11-20,2020-12-02,85,312.19,816674
Germany,3,2020-12-02,2020-12-24,2021-02-25,85,387.1,1335345
Germany,4,2021-02-25,2021-04-28,2021-07-07,132,343.01,1328746
Germany,5,2021-07-07,2021-09-13,2021-10-08,93,174.86,551814
Germany,6,2021-10-08,2021-12-07,2022-01-03,87,960.35,2825804
Germany,7,2022-01-03,2022-02-16,2022-03-06,62,3137.49,8372708
Germany,8,2022-03-06,2022-03-29,2022-06-06,92,3777.46,10970258
Germany,9,2022-06-06,2022-07-21,2022-09-13,99,1582.32,6000102
Germany,10,2022-09-13,2022-10-20,2022-11-30,78,1543.67,3967467
Germany,11,2022-11-30,2022-12-25,2023-01-28,59,527.83,1319755
Germany,12,2023-01-28,2023-03-01,2023-03-09,40,252.72,501759
Greece,1,2020-09-07,2020-11-20,2021-01-24,139,331.96,140122
Greece,2,2021-01-24,2021-04-14,2021-05-12,108,387.94,215430
Greece,3,2021-06-28,2021-08-26,2021-10-06,100,427.56,245612
Greece,4,2021-10-06,2021-11-24,2021-12-20,75,897.8,367553
Greece,5,2021-12-20,2022-01-13,2022-02-02,44,3963.75,931649
Greece,6,2022-02-02,2022-02-13,2022-03-06,32,2441.45,533540
Greece,7,2022-03-06,2022-03-28,2022-06-07,93,2868.98,973882
Greece,8,2022-06-07,2022-07-28,2022-09-22,107,4021.57,1402074
Greece,9,2022-09-22,2022-10-20,2022-10-28,36,1020.12,259985
Greece,10,2022-10-28,2022-11-17,2022-12-08,41,1105.28,313500
Greece,11,2022-12-08,2022-12-18,2023-01-14,37,930.5,99787
Grenada,1,2021-08-20,2021-09-22,2021-11-20,92,2304.81,5670
Grenada,2,2021-12-23,2022-01-21,2022-03-12,79,3033.7,7774
Grenada,3,2022-03-12,2022-03-25,2022-04-09,28,204.6,334
Grenada,4,2022-04-09,2022-05-19,2022-06-26,78,1543.34,4246
Grenada,5,2022-08-07,2022-08-26,2022-10-10,64,296.34,714
Guatemala,1,2020-03-06,2020-07-25,2020-08-15,162,88.2,61428
Guatemala,2,2021-04-04,2021-04-25,2021-05-21,47,103.44,50008
Guatemala,3,2021-05-21,2021-08-30,2021-12-26,219,293.75,379880
Guatemala,4,2021-12-26,2022-02-18,2022-04-22,117,264.29,215350
Guatemala,5,2022-05-17,2022-07-22,2022-09-25,131,388.79,267393
Guatemala,6,2022-11-13,2022-12-22,2023-03-09,116,144.18,92833
Guyana,1,2020-07-19,2020-09-29,2020-11-02,106,107.62,3881
Guyana,2,2021-01-06,2021-02-01,2021-03-02,55,90.88,2188
Guyana,3,2021-03-02,2021-03-31,2021-04-03,32,115.63,1851
Guyana,4,2021-04-03,2021-05-22,2021-06-19,77,216.39,8391
Guyana,5,2021-08-10,2021-09-25,2021-11-05,87,389.72,12937
Guyana,6,2021-12-26,2022-01-22,2022-04-02,97,1478.19,24172
Guyana,7,2022-04-28,2022-06-16,2022-07-04,67,151.79,4168
Guyana,8,2022-11-05,2023-01-14,2023-03-09,124,58.26,1633
Honduras,1,2020-04-21,2020-07-08,2020-07-18,88,104.63,31288
Honduras,2,2020-12-27,2021-02-03,2021-03-13,76,134.26,58071
Honduras,3,2021-07-19,2021-08-22,2021-12-29,163,198.83,100145
Honduras,4,2021-12-29,2022-01-26,2022-02-09,42,78.0,12472
Honduras,5,2022-02-09,2022-02-26,2022-03-18,37,158.49,25327
Honduras,6,2022-06-13,2022-08-05,2022-11-02,142,87.27,31333
Hungary,1,2020-08-19,2020-12-07,2021-02-03,168,757.27,364318
Hungary,2,2021-02-03,2021-03-30,2021-07-14,161,1224.91,439268
Hungary,3,2021-08-08,2021-12-02,2022-01-03,148,1407.02,446560
Hungary,4,2022-01-03,2022-02-05,2022-03-22,78,2186.9,573513
Hungary,5,2022-06-18,2022-08-13,2022-09-16,90,400.96,147321
Iceland,1,2020-02-01,2020-04-04,2020-06-05,125,253.3,1806
Iceland,2,2020-09-10,2020-10-20,2020-11-27,78,282.5,3170
Iceland,3,2021-07-11,2021-08-11,2021-09-24,75,424.94,4919
Iceland,4,2021-09-24,2021-11-23,2021-12-14,81,589.45,7953
Iceland,5,2021-12-14,2022-01-27,2022-02-02,50,5138.72,49630
Iceland,6,2022-02-02,2022-03-05,2022-04-23,80,10430.5,116170
Iceland,7,2022-05-15,2022-07-11,2022-10-18,156,1252.06,19418
Iceland,8,2022-12-11,2022-12-28,2023-01-31,51,213.25,1504
India,1,2020-02-23,2020-09-20,2021-02-15,358,90.17,10916586
India,2,2021-02-15,2021-05-10,2021-07-25,160,377.58,20455312
India,3,2021-12-28,2022-01-28,2022-04-13,106,281.12,8238325
Indonesia,1,2021-05-20,2021-07-25,2021-12-25,219,225.23,2508311
Indonesia,2,2021-12-25,2022-02-25,2022-05-15,141,261.16,1789107
Iran,1,2020-09-08,2020-12-02,2021-01-05,119,214.07,860697
Iran,2,2021-03-26,2021-04-25,2021-06-14,80,368.46,1197894
Iran,3,2021-06-14,2021-08-20,2022-01-16,216,597.22,3190024
Iran,4,2022-01-16,2022-02-14,2022-03-31,74,490.97,940992
Iran,5,2022-06-15,2022-08-04,2022-12-07,175,129.0,325916
Iraq,1,2020-04-24,2020-09-28,2020-10-22,181,139.25,436588
Iraq,2,2021-01-23,2021-04-23,2021-05-27,124,246.84,569606
Iraq,3,2021-05-27,2021-08-08,2022-01-04,222,358.12,912651
Iraq,4,2022-01-04,2022-02-04,2022-05-13,129,220.23,231813
Iraq,5,2022-06-09,2022-07-19,2022-08-25,77,115.63,127447
Ireland,1,2020-03-06,2020-04-22,2020-07-01,117,196.79,25467
Ireland,2,2020-07-01,2020-10-26,2020-12-18,170,276.81,52205
Ireland,3,2020-12-18,2021-01-16,2021-03-17,89,1289.35,149985
Ireland,4,2021-06-25,2021-08-26,2021-09-16,83,490.79,100345
Ireland,5,2021-10-06,2021-12-04,2021-12-17,72,1263.16,244905
Ireland,6,2021-12-17,2022-01-13,2022-02-07,52,5403.2,565366
Ireland,7,2022-02-07,2022-02-16,2022-03-09,30,1335.36,126564
Ireland,8,2022-03-09,2022-03-31,2022-05-06,58,1751.77,194528
Ireland,9,2022-05-06,2022-05-24,2022-06-13,38,540.86,49045
Ireland,10,2022-06-13,2022-07-15,2022-09-09,88,552.32,88515
Ireland,11,2022-12-28,2023-01-14,2023-02-08,42,163.06,13149
Israel,1,2020-03-11,2020-04-09,2020-05-23,73,79.0,16583
Israel,2,2020-05-23,2020-07-28,2020-08-21,90,250.79,83193
Israel,3,2020-08-21,2020-10-02,2020-11-10,81,835.6,220300
Israel,4,2020-11-10,2021-01-20,2021-06-13,215,1160.58,519578
Israel,5,2021-06-13,2021-09-09,2021-11-28,168,1303.65,503369
Israel,6,2021-12-23,2022-02-01,2022-03-15,82,10812.64,2366240
Israel,7,2022-03-15,2022-04-03,2022-05-30,76,1779.25,409507
Israel,8,2022-05-30,2022-07-08,2022-09-08,101,1591.33,504418
Israel,9,2022-10-20,2022-12-09,2023-02-17,120,236.13,118207
Italy,1,2020-02-23,2020-04-02,2020-07-15,143,122.73,243430
Italy,2,2020-07-15,2020-11-19,2020-12-31,169,812.67,1840345
Italy,3,2021-02-13,2021-03-24,2021-07-06,143,534.93,1566501
Italy,4,2021-07-06,2021-08-29,2021-10-17,103,151.79,451667
Italy,5,2021-10-17,2022-01-22,2022-03-07,141,4228.09,8310648
Italy,6,2022-03-07,2022-04-01,2022-06-09,94,1692.21,4539949
Italy,7,2022-06-09,2022-07-17,2022-09-18,101,2294.51,4582874
Italy,8,2022-09-18,2022-10-18,2022-11-10,53,969.58,1493076
Italy,9,2022-11-10,2022-12-06,2023-03-09,119,779.13,1961499
Jamaica,1,2020-07-16,2020-09-29,2020-11-15,122,75.49,9017
Jamaica,2,2021-01-05,2021-03-22,2021-07-06,182,306.67,37186
Jamaica,3,2021-07-06,2021-09-08,2021-12-22,169,337.21,41738
Jamaica,4,2021-12-22,2022-01-21,2022-03-30,98,624.91,36600
Jamaica,5,2022-03-30,2022-06-04,2022-07-11,103,147.74,15255
Japan,1,2020-09-29,2021-01-20,2021-03-09,161,66.37,358020
Japan,2,2021-03-09,2021-05-18,2021-06-29,112,63.95,355887
Japan,3,2021-06-29,2021-08-29,2021-12-06,160,243.68,931029
Japan,4,2022-01-01,2022-02-14,2022-03-31,89,994.47,4780063
Japan,5,2022-03-31,2022-04-16,2022-05-10,40,537.36,1625396
Japan,6,2022-06-24,2022-08-13,2022-10-18,116,2343.21,12591814
Japan,7,2022-10-18,2022-12-31,2023-03-09,142,1753.05,11508928
Jordan,1,2020-08-06,2020-11-22,2021-01-30,177,663.0,323802
Jordan,2,2021-01-30,2021-03-27,2021-05-22,112,1011.2,401399
Jordan,3,2021-06-25,2021-08-21,2021-09-05,72,109.8,51555
Jordan,4,2021-09-05,2021-12-12,2022-01-08,125,602.18,275800
Jordan,5,2022-01-08,2022-02-16,2022-05-13,125,2306.97,620014
Jordan,6,2022-06-08,2022-08-19,2022-09-13,97,106.89,44985
Kazakhstan,1,2020-06-17,2020-07-11,2020-07-27,40,169.37,67580
Kazakhstan,2,2021-03-06,2021-04-29,2021-06-19,105,198.9,195992
Kazakhstan,3,2021-06-19,2021-08-01,2022-01-03,198,755.81,669579
Kazakhstan,4,2022-01-03,2022-01-29,2022-06-04,152,873.3,321936
Kazakhstan,5,2022-06-04,2022-08-05,2022-10-24,142,180.04,90680
Kenya,1,2021-12-07,2022-01-04,2022-04-25,139,63.59,68240
Kiribati,1,2022-01-19,2022-02-13,2022-03-11,51,1531.69,3008
Kiribati,2,2022-05-25,2022-06-14,2022-07-10,46,76.47,138
Kiribati,3,2022-07-10,2022-07-29,2022-08-19,40,134.64,194
Kiribati,4,2022-12-28,2023-01-17,2023-02-07,41,1073.18,1578
Kiribati,5,2023-02-07,2023-02-21,2023-03-07,28,15.43,5
"Korea, South",1,2021-10-25,2021-12-22,2022-01-14,81,178.27,330477
"Korea, South",2,2022-01-14,2022-03-25,2022-06-27,164,10051.93,17645882
"Korea, South",3,2022-06-27,2022-08-22,2022-10-16,111,3335.91,6791017
"Korea, South",4,2022-10-16,2022-12-28,2023-03-07,142,1815.91,5461034
Kosovo,1,2020-06-01,2020-08-07,2020-10-07,128,172.33,14819
Kosovo,2,2020-10-07,2020-11-24,2021-01-06,91,577.58,36444
Kosovo,3,2021-01-06,2021-02-02,2021-02-17,42,245.23,12535
Kosovo,4,2021-02-17,2021-04-07,2021-06-17,120,630.67,42324
Kosovo,5,2021-07-30,2021-08-31,2021-12-10,133,1437.4,52973
Kosovo,6,2022-01-06,2022-02-03,2022-06-10,155,2103.31,66599
Kosovo,7,2022-06-10,2022-08-03,2022-12-08,181,966.21,43804
Kuwait,1,2020-02-14,2020-05-28,2020-06-21,128,288.21,39145
Kuwait,2,2020-10-07,2020-11-02,2020-12-29,83,241.83,41589
Kuwait,3,2020-12-29,2021-03-21,2021-04-03,95,432.18,84897
Kuwait,4,2021-05-22,2021-07-07,2021-11-26,188,567.24,116018
Kuwait,5,2021-12-24,2022-02-04,2022-05-05,132,1820.58,216818
Kuwait,6,2022-05-28,2022-06-28,2022-07-17,50,139.88,15435
Latvia,1,2020-09-16,2021-01-14,2021-04-09,205,678.11,104434
Latvia,2,2021-04-09,2021-05-11,2021-07-20,102,454.84,32268
Latvia,3,2021-07-20,2021-10-31,2021-12-19,152,1772.49,128532
Latvia,4,2021-12-19,2022-02-21,2022-04-26,128,7236.66,550723
Latvia,5,2022-05-31,2022-08-12,2022-09-08,100,1033.41,75684
Latvia,6,2022-09-08,2022-09-30,2022-11-21,74,892.19,54929
Lebanon,1,2020-06-15,2020-09-03,2020-09-12,89,137.25,21537
Lebanon,2,2020-09-12,2020-10-17,2020-10-19,37,306.07,39303
Lebanon,3,2020-10-19,2020-11-14,2020-12-12,54,403.92,81419
Lebanon,4,2020-12-12,2021-01-21,2021-02-22,72,1094.43,211368
Lebanon,5,2021-02-22,2021-03-20,2021-06-26,124,767.04,189092
Lebanon,6,2021-06-26,2021-08-19,2021-10-07,103,360.46,83557
Lebanon,7,2021-10-25,2021-12-14,2021-12-22,58,382.55,65736
Lebanon,8,2021-12-22,2022-02-08,2022-05-17,146,1845.13,394519
Lebanon,9,2022-06-01,2022-07-29,2022-10-19,140,602.57,117800
Lesotho,1,2020-12-02,2021-01-17,2021-03-13,101,138.45,8391
Lesotho,2,2021-09-18,2021-10-08,2021-10-28,40,283.0,7205
Lesotho,3,2021-12-01,2021-12-29,2022-02-20,81,211.34,10655
Libya,1,2020-05-17,2020-09-20,2020-10-03,139,139.68,35652
Libya,2,2020-10-03,2020-10-30,2020-12-05,63,183.65,49812
Libya,3,2021-01-08,2021-02-05,2021-02-25,48,143.76,27747
Libya,4,2021-02-25,2021-03-21,2021-05-23,87,178.06,51637
Libya,5,2021-06-27,2021-08-04,2021-10-31,126,464.94,164526
Libya,6,2022-01-14,2022-02-11,2022-05-14,120,641.48,106232
Lithuania,1,2020-09-07,2020-12-25,2021-02-25,171,1446.57,193826
Lithuania,2,2021-03-14,2021-05-10,2021-07-09,117,591.03,74469
Lithuania,3,2021-07-09,2021-11-03,2021-12-28,172,1446.57,237279
Lithuania,4,2021-12-28,2022-02-11,2022-05-23,146,5942.29,637065
Lithuania,5,2022-06-10,2022-08-18,2022-09-09,91,605.41,68286
Lithuania,6,2022-09-09,2022-09-27,2022-11-22,74,604.23,48549
Lithuania,7,2022-11-22,2022-12-17,2023-01-27,66,203.53,22312
Luxembourg,1,2020-03-08,2020-04-04,2020-06-13,97,311.34,4053
Luxembourg,2,2020-06-13,2020-07-29,2020-09-05,84,207.71,4147
Luxembourg,3,2020-09-05,2020-09-30,2020-10-05,30,168.05,1855
Luxembourg,4,2020-10-05,2020-11-11,2021-01-26,113,1386.22,41024
Luxembourg,5,2021-01-26,2021-03-03,2021-03-11,44,391.58,7323
Luxembourg,6,2021-03-11,2021-04-02,2021-06-25,106,480.19,13530
Luxembourg,7,2021-06-25,2021-07-17,2021-08-17,53,258.82,4104
Luxembourg,8,2021-08-17,2021-09-11,2021-09-22,36,176.34,2751
Luxembourg,9,2021-09-22,2021-12-13,2021-12-21,90,833.25,19588
Luxembourg,10,2021-12-21,2022-01-31,2022-03-01,70,4675.86,86148
Luxembourg,11,2022-03-01,2022-04-02,2022-06-04,95,2745.08,65795
Luxembourg,12,2022-06-04,2022-07-13,2022-08-24,81,1769.9,36911
Luxembourg,13,2022-08-24,2022-09-07,2022-09-21,28,374.46,3281
Luxembourg,14,2022-09-21,2022-10-17,2022-11-16,56,910.24,15213
Luxembourg,15,2022-11-16,2022-12-20,2023-01-31,76,444.87,10262
Malawi,1,2020-12-07,2021-01-29,2021-06-04,179,57.03,28314
Malawi,2,2021-12-06,2022-01-03,2022-04-27,142,53.39,23771
Malaysia,1,2020-08-30,2021-02-05,2021-04-04,217,168.81,340293
Malaysia,2,2021-04-04,2021-06-06,2021-06-27,84,297.77,378852
Malaysia,3,2021-06-27,2021-08-29,2021-11-10,136,871.02,1788711
Malaysia,4,2022-01-09,2022-03-09,2022-05-14,125,1193.14,1690169
Malaysia,5,2022-06-10,2022-07-31,2022-10-15,127,170.15,342713
Malaysia,6,2022-10-15,2022-11-12,2023-02-08,116,139.33,174897
Maldives,1,2020-04-12,2020-05-13,2020-05-22,40,115.85,1197
Maldives,2,2020-06-26,2020-08-31,2020-11-08,135,361.56,9685
Maldives,3,2020-12-23,2021-03-02,2021-03-19,86,392.24,8623
Maldives,4,2021-03-19,2021-04-05,2021-04-18,30,426.51,3998
Maldives,5,2021-04-18,2021-05-26,2021-07-22,95,3785.38,50187
Maldives,6,2021-08-18,2021-09-09,2021-10-15,58,382.63,6513
Maldives,7,2021-10-15,2021-11-14,2021-12-05,51,394.84,6163
Maldives,8,2021-12-05,2021-12-26,2022-01-02,28,358.66,3796
Maldives,9,2022-01-02,2022-02-04,2022-03-26,83,6422.97,78767
Maldives,10,2022-03-26,2022-04-07,2022-06-11,77,480.91,5179
Maldives,11,2022-06-11,2022-07-09,2022-10-02,113,420.74,5205
Malta,1,2020-07-18,2020-08-23,2020-09-07,51,113.54,1407
Malta,2,2020-10-03,2020-10-30,2020-11-04,32,325.83,3367
Malta,3,2020-12-25,2021-01-21,2021-02-13,50,474.82,7435
Malta,4,2021-02-13,2021-03-15,2021-05-29,105,775.87,11029
Malta,5,2021-06-30,2021-07-26,2021-10-06,98,461.64,6628
Malta,6,2021-10-28,2021-12-03,2021-12-12,45,230.89,2873
Malta,7,2021-12-12,2022-01-08,2022-03-03,81,2608.16,30987
Malta,8,2022-03-03,2022-04-11,2022-06-01,90,1667.23,23287
Malta,9,2022-06-01,2022-07-09,2022-09-16,107,1466.46,19606
Mauritania,1,2020-10-15,2020-12-22,2021-03-07,143,60.86,9737
Mauritania,2,2021-06-22,2021-08-12,2021-10-17,117,90.84,16280
Mauritania,3,2021-12-23,2022-01-17,2022-03-25,92,241.85,18426
Mauritius,1,2021-07-05,2021-07-31,2021-08-09,35,122.22,3026
Mauritius,2,2021-08-09,2021-09-04,2021-10-18,70,337.92,11659
Mauritius,3,2021-10-18,2021-11-18,2021-12-11,54,1652.76,46066
Mauritius,4,2022-01-13,2022-02-04,2022-02-14,32,2794.88,60022
Mauritius,5,2022-02-14,2022-02-24,2022-03-15,29,2684.54,51917
Mauritius,6,2022-03-15,2022-03-28,2022-05-25,71,1845.21,43360
Mauritius,7,2022-06-16,2022-07-03,2022-07-10,24,220.33,3594
Mauritius,8,2022-07-10,2022-08-02,2022-09-06,58,777.41,27265
Mauritius,9,2022-10-19,2022-12-13,2023-01-06,79,896.41,27555
Mauritius,10,2023-01-06,2023-01-16,2023-03-02,55,200.01,4105
Mexico,1,2020-03-07,2020-08-03,2020-09-24,201,72.97,710043
Mexico,2,2020-11-17,2020-12-17,2021-01-03,47,114.31,434148
Mexico,3,2021-01-03,2021-01-27,2021-05-23,140,179.09,951786
Mexico,4,2021-05-23,2021-08-21,2021-11-21,182,196.75,1463501
Mexico,5,2021-12-25,2022-01-29,2022-03-30,95,441.82,1707027
Mexico,6,2022-05-05,2022-07-20,2022-11-20,199,288.38,1379734
Moldova,1,2020-02-22,2020-04-25,2020-05-07,75,66.11,4476
Moldova,2,2020-05-07,2020-06-25,2020-07-15,69,176.18,15232
Moldova,3,2020-07-15,2020-09-03,2020-09-12,59,247.47,22475
Moldova,4,2020-09-12,2020-10-13,2020-10-29,47,426.41,31138
Moldova,5,2020-10-29,2020-12-13,2021-01-22,85,764.95,81467
Moldova,6,2021-01-22,2021-03-28,2021-06-15,144,831.37,101042
Moldova,7,2021-06-15,2021-10-28,2022-01-03,202,830.08,120772
Moldova,8,2022-01-03,2022-02-05,2022-05-05,122,2111.05,140384
Moldova,9,2022-06-10,2022-08-18,2022-11-26,169,783.65,75526
Mongolia,1,2021-03-02,2021-05-02,2021-05-26,85,483.71,50782
Mongolia,2,2021-05-26,2021-06-30,2021-08-15,81,971.89,127557
Mongolia,3,2021-08-15,2021-10-05,2021-10-26,72,2879.56,357906
Mongolia,4,2022-01-02,2022-01-29,2022-04-24,112,2886.16,227272
Mongolia,5,2022-04-24,2022-06-01,2022-07-05,72,100.99,10007
Mongolia,6,2022-07-05,2022-08-12,2022-10-28,115,692.39,55633
Mongolia,7,2022-10-28,2022-11-23,2022-12-02,35,126.5,8423
Mongolia,8,2022-12-02,2022-12-20,2023-01-09,38,362.79,14728
Montenegro,1,2020-06-10,2020-07-26,2020-08-24,75,244.21,4019
Montenegro,2,2020-08-24,2020-10-04,2020-10-25,62,587.59,12286
Montenegro,3,2020-10-25,2020-11-20,2020-12-30,66,1336.07,30775
Montenegro,4,2020-12-30,2021-01-18,2021-01-24,25,963.51,10525
Montenegro,5,2021-01-24,2021-02-14,2021-02-24,31,1133.66,15040
Montenegro,6,2021-02-24,2021-03-14,2021-06-26,122,1258.88,27176
Montenegro,7,2021-06-26,2021-09-03,2021-09-13,79,1310.55,21763
Montenegro,8,2021-10-17,2021-11-11,2021-12-20,64,1249.95,23594
Montenegro,9,2021-12-20,2022-01-15,2022-04-17,118,4744.68,73142
Montenegro,10,2022-06-09,2022-08-05,2022-09-22,105,1995.41,41160
Montenegro,11,2022-12-30,2023-01-20,2023-02-07,39,137.37,1876
Montenegro,12,2023-02-07,2023-03-01,2023-03-09,30,194.72,2193
Morocco,1,2020-07-19,2020-11-19,2021-03-06,230,188.17,468552
Morocco,2,2021-05-21,2021-08-16,2021-11-26,189,347.05,433287
Morocco,3,2021-12-20,2022-01-24,2022-03-23,93,259.67,209812
Morocco,4,2022-05-04,2022-07-06,2022-10-01,150,105.5,99941
Mozambique,1,2021-05-27,2021-08-02,2021-11-10,167,74.55,80731
Mozambique,2,2021-12-01,2022-01-08,2022-04-05,125,114.71,73719
Namibia,1,2020-06-14,2020-08-31,2020-11-14,153,113.28,13340
Namibia,2,2020-11-14,2021-01-06,2021-02-14,92,225.55,22425
Namibia,3,2021-04-16,2021-07-06,2021-10-20,187,782.75,82192
Namibia,4,2021-11-28,2021-12-29,2022-03-28,120,442.69,28451
Namibia,5,2022-05-05,2022-05-30,2022-07-28,84,200.91,10313
Namibia,6,2022-10-06,2022-10-28,2022-11-19,44,55.45,1935
Nepal,1,2020-07-25,2020-10-23,2021-03-15,233,163.36,256857
Nepal,2,2021-03-15,2021-05-20,2021-07-13,120,413.77,381908
Nepal,3,2022-01-04,2022-01-29,2022-04-25,111,306.69,149466
Netherlands,1,2020-03-02,2020-04-14,2020-06-04,94,86.66,47130
Netherlands,2,2020-08-31,2020-10-31,2020-11-29,90,741.1,454018
Netherlands,3,2020-11-29,2020-12-27,2021-02-15,78,841.77,519127
Netherlands,4,2021-02-15,2021-04-06,2021-04-10,54,593.44,319341
Netherlands,5,2021-06-29,2021-07-22,2021-08-16,48,659.85,224904
Netherlands,6,2021-10-02,2021-12-03,2021-12-27,86,1773.95,1076292
Netherlands,7,2021-12-27,2022-02-12,2022-03-03,66,7596.56,3415281
Netherlands,8,2022-03-03,2022-03-17,2022-06-01,90,4747.86,1650740
Netherlands,9,2022-06-01,2022-07-15,2022-09-14,105,480.58,324362
Netherlands,10,2022-09-14,2022-10-18,2022-11-29,76,261.49,140006
New Zealand,1,2022-02-13,2022-03-17,2022-05-12,88,5430.19,1008802
New Zealand,2,2022-06-24,2022-07-18,2022-09-23,91,2760.73,475728
New Zealand,3,2022-09-23,2022-12-19,2023-02-24,154,1523.53,439415
North Macedonia,1,2020-05-13,2020-06-24,2020-07-07,55,113.47,5450
North Macedonia,2,2020-09-10,2020-11-21,2021-02-02,145,820.28,77460
North Macedonia,3,2021-02-02,2021-04-06,2021-07-04,152,841.02,62953
North Macedonia,4,2021-07-27,2021-08-30,2021-10-18,83,699.19,41005
North Macedonia,5,2021-10-18,2021-11-14,2021-12-26,69,359.94,25841
North Macedonia,6,2021-12-26,2022-01-29,2022-05-05,130,1288.91,86993
North Macedonia,7,2022-06-19,2022-08-04,2022-11-12,146,479.54,31487
Norway,1,2020-02-27,2020-04-03,2020-06-05,99,60.1,8503
Norway,2,2020-09-24,2020-11-19,2020-12-14,81,150.42,27726
Norway,3,2020-12-14,2021-01-12,2021-02-15,63,151.06,25498
Norway,4,2021-02-15,2021-03-28,2021-05-14,88,235.28,51814
Norway,5,2021-07-18,2021-09-10,2021-10-17,91,353.6,61912
Norway,6,2021-10-17,2021-12-19,2022-01-01,76,1167.98,198117
Norway,7,2022-01-01,2022-02-08,2022-05-27,146,5131.83,1038184
Norway,8,2022-05-27,2022-07-02,2022-09-28,124,149.4,29721
Oman,1,2020-05-03,2020-07-21,2020-08-30,119,461.2,82522
Oman,2,2020-08-30,2020-10-15,2021-01-05,128,195.87,44579
Oman,3,2021-01-05,2021-04-23,2021-05-21,136,387.55,79023
Oman,4,2021-05-21,2021-07-01,2021-10-27,159,621.22,95598
Oman,5,2021-11-29,2022-02-10,2022-05-07,159,670.09,84607
Oman,6,2022-06-02,2022-08-03,2022-09-19,109,76.01,8520
Panama,1,2020-03-09,2020-05-04,2020-05-20,72,64.03,9867
Panama,2,2020-05-20,2020-07-20,2020-08-02,74,342.16,56516
Panama,3,2020-10-26,2021-01-10,2021-04-29,185,1064.8,234695
Panama,4,2021-04-29,2021-07-14,2021-11-11,196,341.17,110008
Panama,5,2021-11-11,2022-01-28,2022-03-25,134,2807.24,288832
Panama,6,2022-04-12,2022-05-31,2022-07-29,108,1042.61,181542
Panama,7,2022-10-20,2022-12-14,2023-02-28,131,321.53,42268
Paraguay,1,2020-06-14,2020-09-19,2020-10-01,109,165.19,39497
Paraguay,2,2020-11-12,2020-12-17,2021-01-04,53,179.17,39967
Paraguay,3,2021-02-07,2021-03-30,2021-04-08,60,416.28,89513
Paraguay,4,2021-04-08,2021-04-30,2021-05-12,34,478.6,74945
Paraguay,5,2021-05-12,2021-06-06,2021-10-11,152,609.69,158129
Paraguay,6,2021-12-12,2022-02-01,2022-04-17,126,1288.33,184796
Paraguay,7,2022-05-18,2022-07-22,2022-09-24,129,440.1,66130
Paraguay,8,2022-11-20,2022-12-10,2022-12-28,38,822.12,67463
Paraguay,9,2022-12-28,2023-01-09,2023-02-15,49,170.51,21256
Peru,1,2020-03-01,2020-06-06,2020-07-09,130,224.01,312911
Peru,2,2020-07-09,2020-08-26,2020-12-15,159,335.22,672062
Peru,3,2021-01-04,2021-02-23,2021-03-12,67,291.25,369358
Peru,4,2021-03-12,2021-04-05,2021-04-14,33,359.93,272250
Peru,5,2021-12-29,2022-01-29,2022-04-09,101,1834.93,1267317
Peru,6,2022-05-16,2022-07-28,2022-10-23,160,491.49,582324
Peru,7,2022-10-23,2022-12-13,2023-01-26,95,390.72,394677
Philippines,1,2021-02-14,2021-04-15,2021-05-27,102,127.98,646721
Philippines,2,2021-07-18,2021-09-19,2021-12-27,162,249.55,1336292
Philippines,3,2021-12-27,2022-01-23,2022-05-19,143,381.53,850094
Poland,1,2020-09-15,2020-11-18,2021-01-05,112,904.1,1248418
Poland,2,2021-02-09,2021-04-04,2021-07-15,156,991.38,1328360
Poland,3,2021-07-15,2021-12-08,2022-01-10,179,887.84,1332151
Poland,4,2022-01-10,2022-02-07,2022-04-25,105,1706.89,1778000
Poland,5,2022-06-19,2022-08-20,2022-09-06,79,133.82,176754
Portugal,1,2020-03-10,2020-04-12,2020-05-24,75,101.2,30602
Portugal,2,2020-08-11,2020-11-23,2020-12-27,138,786.34,340171
Portugal,3,2020-12-27,2021-01-30,2021-04-02,96,1597.56,429318
Portugal,4,2021-05-15,2021-07-25,2021-08-18,95,426.39,165209
Portugal,5,2021-10-11,2022-02-03,2022-03-08,148,7283.11,2387471
Portugal,6,2022-03-08,2022-03-19,2022-04-22,45,1651.87,473649
Portugal,7,2022-04-22,2022-06-01,2022-08-21,121,3422.27,1455315
Qatar,1,2020-03-26,2020-06-06,2020-08-11,138,997.51,112725
Qatar,2,2020-12-23,2021-04-18,2021-07-13,202,523.25,81196
Qatar,3,2021-07-13,2021-08-25,2021-10-18,97,128.1,14425
Qatar,4,2021-10-18,2021-12-13,2021-12-25,68,97.46,9588
Qatar,5,2021-12-25,2022-01-22,2022-03-24,89,2067.37,112865
Qatar,6,2022-05-05,2022-07-29,2022-09-04,122,548.02,66119
Qatar,7,2022-09-04,2022-10-01,2022-11-26,83,444.13,46261
Qatar,8,2022-11-26,2022-12-13,2023-02-13,79,251.21,15760
Romania,1,2020-06-05,2020-08-14,2020-09-03,90,89.9,69984
Romania,2,2020-09-03,2020-11-22,2021-01-07,126,612.23,564116
Romania,3,2021-02-12,2021-04-01,2021-07-12,150,408.72,326110
Romania,4,2021-07-12,2021-10-24,2021-12-26,167,1072.37,721160
Romania,5,2021-12-26,2022-02-09,2022-06-19,175,2019.94,1110482
Romania,6,2022-06-19,2022-08-06,2022-12-01,165,562.76,383956
Russia,1,2020-02-29,2020-05-18,2020-06-08,100,99.37,467071
Russia,2,2020-08-31,2020-12-26,2021-04-17,229,269.46,3643866
Russia,3,2021-05-13,2021-07-20,2021-09-13,123,235.26,2188391
Russia,4,2021-09-13,2021-11-11,2022-01-13,122,375.2,3483463
Russia,5,2022-01-13,2022-02-19,2022-07-03,171,1744.46,7646705
Russia,6,2022-07-03,2022-09-22,2022-11-21,141,497.96,3062764
Russia,7,2023-01-15,2023-02-28,2023-03-09,53,125.0,520098
Rwanda,1,2021-06-06,2021-07-28,2021-08-28,83,119.62,58512
Rwanda,2,2021-12-11,2022-01-09,2022-03-19,98,111.09,29079
Samoa,1,2022-03-12,2022-04-28,2022-07-17,127,1927.98,15109
Samoa,2,2022-08-14,2022-08-30,2022-09-21,38,169.98,484
Samoa,3,2022-12-15,2023-02-23,2023-03-09,84,198.96,637
Sao Tome and Principe,1,2020-04-22,2020-05-13,2020-05-22,30,82.34,247
Sao Tome and Principe,2,2020-07-10,2020-07-31,2020-08-20,41,54.8,159
Sao Tome and Principe,3,2020-12-28,2021-01-25,2021-01-26,29,55.69,175
Sao Tome and Principe,4,2021-01-26,2021-03-06,2021-06-24,149,151.05,1174
Sao Tome and Principe,5,2021-08-14,2021-09-28,2021-11-28,106,230.68,1249
Sao Tome and Principe,6,2021-12-23,2022-01-17,2022-02-12,51,666.77,2182
Saudi Arabia,1,2020-03-06,2020-05-25,2020-06-03,89,103.18,89006
Saudi Arabia,2,2020-06-03,2020-06-27,2020-10-29,148,180.74,257036
Saudi Arabia,3,2021-12-20,2022-01-26,2022-04-04,105,235.23,200234
Senegal,1,2021-05-21,2021-07-31,2021-11-24,187,67.47,33009
Serbia,1,2020-02-01,2020-04-23,2020-06-07,127,64.62,11741
Serbia,2,2020-06-07,2020-07-30,2020-09-21,106,78.31,21167
Serbia,3,2020-09-21,2020-12-09,2021-01-31,132,1468.47,360989
Serbia,4,2021-01-31,2021-03-29,2021-07-06,156,1003.46,323086
Serbia,5,2021-07-06,2021-09-30,2021-10-17,103,1413.48,326775
Serbia,6,2021-10-17,2021-10-29,2021-12-27,71,1371.29,246711
Serbia,7,2021-12-27,2022-02-02,2022-06-11,166,3375.25,729509
Serbia,8,2022-06-11,2022-08-13,2022-12-01,173,1236.12,403407
Serbia,9,2022-12-01,2022-12-21,2023-01-07,37,255.6,37065
Singapore,1,2020-04-01,2020-05-02,2020-07-09,99,207.85,44372
Singapore,2,2021-08-23,2021-10-31,2021-12-30,129,898.32,212272
Singapore,3,2021-12-30,2022-03-05,2022-05-04,125,4584.04,923796
Singapore,4,2022-05-04,2022-05-27,2022-06-14,41,986.69,141099
Singapore,5,2022-06-14,2022-07-21,2022-09-11,89,2399.91,514852
Singapore,6,2022-09-11,2022-10-22,2023-01-30,141,1961.31,357688
Slovakia,1,2020-06-10,2020-11-08,2020-11-26,169,673.48,110191
Slovakia,2,2020-11-26,2021-01-08,2021-01-28,63,1561.58,304421
Slovakia,3,2021-01-28,2021-02-28,2021-07-17,170,1413.72,359466
Slovakia,4,2021-07-17,2021-12-04,2022-01-14,181,2817.04,633756
Slovakia,5,2022-01-14,2022-02-17,2022-06-11,148,5565.93,1135892
Slovakia,6,2022-06-11,2022-07-29,2022-09-01,82,302.78,39803
Slovakia,7,2022-09-01,2022-09-22,2022-10-12,41,633.65,52716
Slovenia,1,2020-08-08,2020-11-06,2020-11-22,106,1070.0,62051
Slovenia,2,2020-11-22,2020-12-11,2020-12-27,35,993.43,49900
Slovenia,3,2020-12-27,2021-01-13,2021-03-14,77,1112.2,85670
Slovenia,4,2021-03-14,2021-04-08,2021-07-06,114,658.05,57575
Slovenia,5,2021-07-06,2021-09-25,2021-10-11,97,644.8,44029
Slovenia,6,2021-10-11,2021-11-20,2021-12-27,77,2129.46,154599
Slovenia,7,2021-12-27,2022-02-05,2022-03-10,73,8847.88,453806
Slovenia,8,2022-03-10,2022-03-30,2022-06-10,92,1839.57,117661
Slovenia,9,2022-06-10,2022-07-31,2022-08-26,77,1085.09,91017
Slovenia,10,2022-08-26,2022-10-08,2022-11-16,82,1479.51,125237
Slovenia,11,2022-11-16,2022-12-21,2023-02-11,87,1174.9,79667
Solomon Islands,1,2022-01-15,2022-02-14,2022-03-10,54,432.9,8466
Solomon Islands,2,2022-04-18,2022-05-08,2022-05-26,38,473.53,5737
Solomon Islands,3,2022-05-26,2022-06-09,2022-07-02,37,351.79,3370
Solomon Islands,4,2022-11-04,2022-11-25,2022-12-15,41,356.57,3031
South Africa,1,2020-04-12,2020-07-24,2020-10-05,176,275.7,679261
South Africa,2,2020-11-07,2021-01-15,2021-03-17,130,380.53,796791
South Africa,3,2021-04-11,2021-07-11,2021-08-10,121,423.58,982695
South Africa,4,2021-11-13,2021-12-21,2022-04-12,150,445.8,807257
South Africa,5,2022-04-12,2022-05-17,2022-07-18,97,154.24,267123
Spain,1,2020-03-06,2020-04-07,2020-06-20,106,204.39,255722
Spain,2,2020-06-20,2020-09-28,2020-10-11,113,317.85,615537
Spain,3,2020-10-11,2020-11-09,2020-12-13,63,593.88,869463
Spain,4,2020-12-13,2021-01-30,2021-03-20,97,1040.23,1556104
Spain,5,2021-03-20,2021-04-26,2021-06-03,75,252.58,475430
Spain,6,2021-06-25,2021-07-29,2021-10-18,115,746.64,1206847
Spain,7,2021-10-18,2022-01-21,2022-03-21,154,3874.44,6340334
Spain,8,2022-04-18,2022-05-10,2022-06-15,58,494.55,852913
Spain,9,2022-06-15,2022-07-12,2022-09-14,91,613.0,860624
Sri Lanka,1,2021-04-14,2021-06-05,2021-07-18,95,187.01,187892
Sri Lanka,2,2021-07-18,2021-09-02,2021-11-04,109,328.59,259281
Suriname,1,2020-05-21,2020-08-20,2020-11-12,175,195.53,5243
Suriname,2,2020-12-08,2021-01-18,2021-03-29,111,181.0,3772
Suriname,3,2021-03-29,2021-06-14,2021-08-09,133,589.29,16905
Suriname,4,2021-08-09,2021-09-23,2021-12-23,136,1064.94,25516
Suriname,5,2021-12-23,2022-01-22,2022-04-26,124,1966.78,27784
Suriname,6,2022-04-26,2022-05-19,2022-08-15,111,120.07,1686
Suriname,7,2022-11-19,2022-12-07,2022-12-23,34,52.54,353
Suriname,8,2022-12-23,2023-01-08,2023-01-25,33,65.42,439
Sweden,1,2020-02-25,2020-05-02,2020-05-24,89,78.5,34170
Sweden,2,2020-05-24,2020-06-24,2020-07-29,66,143.13,42044
Sweden,3,2020-09-07,2020-12-21,2021-01-01,116,807.18,352394
Sweden,4,2021-02-08,2021-04-19,2021-07-17,159,796.85,506225
Sweden,5,2021-07-17,2021-09-12,2021-10-15,90,141.53,66977
Sweden,6,2021-10-15,2022-02-02,2022-03-07,143,4919.82,1294702
Sweden,7,2022-06-08,2022-08-21,2022-09-20,104,124.6,69155
Sweden,8,2022-09-20,2022-10-12,2022-11-02,43,157.81,33059
Sweden,9,2022-11-02,2022-12-28,2023-03-08,126,232.54,86955
Switzerland,1,2020-03-04,2020-04-03,2020-06-10,98,159.45,30932
Switzerland,2,2020-06-10,2020-09-20,2020-10-01,113,63.93,22294
Switzerland,3,2020-10-01,2020-11-10,2020-12-06,66,1228.42,291215
Switzerland,4,2020-12-06,2020-12-20,2021-03-03,87,672.79,214125
Switzerland,5,2021-03-03,2021-04-24,2021-07-03,122,333.64,144712
Switzerland,6,2021-07-03,2021-09-12,2021-10-17,106,421.11,151257
Switzerland,7,2021-10-17,2021-12-15,2021-12-22,66,1455.92,349788
Switzerland,8,2021-12-22,2022-02-03,2022-03-01,69,5537.01,1597572
Switzerland,9,2022-03-01,2022-03-21,2022-06-05,96,4301.92,873035
Switzerland,10,2022-06-05,2022-07-20,2022-09-21,108,1204.87,412101
Switzerland,11,2022-09-21,2022-10-28,2022-11-21,61,804.41,210548
Thailand,1,2021-04-02,2021-05-31,2021-06-18,77,69.97,178835
Thailand,2,2021-06-18,2021-08-19,2021-12-30,195,411.72,2009563
Thailand,3,2021-12-30,2022-04-06,2022-06-26,178,500.41,2303832
Timor-Leste,1,2021-03-02,2021-05-28,2021-07-01,121,184.76,9109
Timor-Leste,2,2021-07-24,2021-08-31,2021-12-25,154,275.08,9552
Timor-Leste,3,2022-01-24,2022-02-18,2022-03-21,56,135.81,2933
Togo,1,2021-12-12,2022-01-10,2022-02-09,59,65.25,10240
Tonga,1,2022-01-29,2022-04-01,2022-06-20,142,3634.81,12078
Tonga,2,2022-07-30,2022-08-31,2022-09-29,61,1562.02,3628
Tonga,3,2022-09-29,2022-10-13,2022-10-28,29,10.99,0
Tonga,4,2022-12-19,2023-01-12,2023-01-28,40,287.69,490
Trinidad and Tobago,1,2020-07-14,2020-09-20,2020-11-09,118,111.57,5716
Trinidad and Tobago,2,2021-03-08,2021-05-30,2021-07-15,129,525.5,27500
Trinidad and Tobago,3,2021-10-09,2021-12-15,2022-01-07,90,759.11,42833
Trinidad and Tobago,4,2022-01-07,2022-01-30,2022-04-10,93,713.98,44877
Trinidad and Tobago,5,2022-04-10,2022-05-17,2022-07-09,90,505.62,27923
Trinidad and Tobago,6,2022-07-09,2022-08-21,2022-10-04,87,282.68,15285
Tunisia,1,2020-08-02,2020-11-08,2020-12-08,128,167.48,102777
Tunisia,2,2020-12-08,2021-01-22,2021-03-22,104,308.3,141377
Tunisia,3,2021-03-22,2021-04-26,2021-05-22,61,233.8,87127
Tunisia,4,2021-05-22,2021-07-16,2021-08-20,90,806.02,299495
Tunisia,5,2021-12-02,2022-01-30,2022-03-05,93,971.79,284044
Tunisia,6,2022-06-13,2022-07-23,2022-10-22,131,389.43,102504
US,1,2020-03-12,2020-04-17,2020-06-09,89,129.24,1956007
US,2,2020-06-09,2020-07-27,2020-09-14,97,273.68,4593634
US,3,2020-09-14,2020-12-20,2020-12-30,107,907.94,13136416
US,4,2020-12-30,2021-01-14,2021-03-21,81,980.98,10215917
US,5,2021-03-21,2021-04-15,2021-06-28,99,289.36,3842629
US,6,2021-06-28,2021-09-06,2021-11-03,128,668.39,12487544
US,7,2021-11-03,2022-01-20,2022-04-01,149,3257.16,33988291
US,8,2022-04-01,2022-06-06,2022-06-24,84,453.59,6657655
US,9,2022-06-24,2022-07-27,2022-10-25,123,546.11,10349872
US,10,2022-10-25,2022-12-20,2023-01-04,71,282.38,3637632
Ukraine,1,2020-07-18,2020-12-04,2021-02-12,209,433.52,1244345
Ukraine,2,2021-02-12,2021-04-12,2021-07-06,144,477.43,1002202
Ukraine,3,2021-07-06,2021-11-09,2022-01-09,187,729.0,1575358
Ukraine,4,2022-01-09,2022-02-14,2022-05-13,124,1139.98,1356983
Ukraine,5,2022-06-01,2022-06-20,2022-07-10,39,82.85,44216
Ukraine,6,2022-07-10,2022-09-30,2022-10-12,94,165.83,191812
Ukraine,7,2022-10-12,2022-10-25,2022-11-15,34,223.32,147537
United Arab Emirates,1,2020-03-18,2020-05-28,2020-06-27,101,117.86,46875
United Arab Emirates,2,2020-08-13,2020-10-29,2020-11-17,96,194.81,88342
United Arab Emirates,3,2020-12-25,2021-01-31,2021-03-29,94,524.58,256762
United Arab Emirates,4,2021-05-23,2021-06-22,2021-07-23,61,307.66,112564
United Arab Emirates,5,2021-12-13,2022-01-22,2022-05-04,142,417.98,156440
United Arab Emirates,6,2022-05-04,2022-07-07,2022-10-26,175,253.29,136506
United Kingdom,1,2020-02-07,2020-04-22,2020-07-10,154,98.51,289141
United Kingdom,2,2020-07-10,2020-11-15,2020-12-08,151,496.72,1453255
United Kingdom,3,2020-12-08,2021-01-13,2021-05-20,163,1145.68,2733108
United Kingdom,4,2021-05-20,2021-07-24,2021-08-12,84,840.52,1707631
United Kingdom,5,2021-08-12,2021-09-09,2021-09-26,45,741.01,1491294
United Kingdom,6,2021-09-26,2021-10-27,2021-11-14,49,921.54,1905126
United Kingdom,7,2021-11-14,2022-01-09,2022-01-26,73,3388.58,6585565
United Kingdom,8,2022-01-26,2022-02-06,2022-03-02,35,2798.76,2962766
United Kingdom,9,2022-03-02,2022-03-28,2022-06-04,94,1767.48,3376371
United Kingdom,10,2022-06-04,2022-07-18,2022-09-12,100,505.55,1278336
United Kingdom,11,2022-09-12,2022-10-18,2022-11-28,77,189.87,453099
Uruguay,1,2020-09-29,2021-01-21,2021-02-15,139,335.47,46899
Uruguay,2,2021-02-15,2021-04-16,2021-05-10,84,1390.22,171774
Uruguay,3,2021-05-10,2021-06-05,2021-08-29,111,1519.74,163939
Uruguay,4,2021-12-24,2022-01-30,2022-04-28,125,4437.27,489648
Uruguay,5,2022-04-28,2022-06-14,2022-08-15,109,581.47,77645
Uruguay,6,2022-11-17,2023-01-06,2023-03-09,112,478.1,42268
Vanuatu,1,2022-03-05,2022-04-06,2022-05-27,83,1051.29,8840
Vanuatu,2,2022-05-27,2022-06-13,2022-07-05,39,471.3,2531
Venezuela,1,2022-01-05,2022-02-02,2022-04-09,94,100.51,75956
West Bank and Gaza,1,2020-06-12,2020-07-19,2020-08-07,56,91.42,12911
West Bank and Gaza,2,2020-08-07,2020-09-19,2020-10-13,67,186.9,31286
West Bank and Gaza,3,2020-10-13,2020-12-11,2021-02-02,112,537.83,114759
West Bank and Gaza,4,2021-02-02,2021-03-22,2021-03-27,53,550.13,74106
West Bank and Gaza,5,2021-03-27,2021-04-13,2021-05-26,60,631.66,72785
West Bank and Gaza,6,2021-07-24,2021-09-13,2021-09-26,64,655.3,79709
West Bank and Gaza,7,2021-09-26,2021-10-11,2021-11-04,39,848.3,58832
West Bank and Gaza,8,2022-01-15,2022-02-11,2022-05-10,115,1866.41,182959
West Bank and Gaza,9,2022-06-11,2022-08-04,2022-08-28,78,398.96,40505
Zambia,1,2020-11-30,2021-01-27,2021-05-11,162,91.64,74504
Zambia,2,2021-05-11,2021-06-30,2021-11-05,178,184.49,117703
Zambia,3,2021-12-08,2022-01-08,2022-04-06,119,246.69,106847
Zimbabwe,1,2020-12-24,2021-01-19,2021-04-03,100,72.68,24247
Zimbabwe,2,2021-05-17,2021-07-23,2021-09-13,119,192.44,87709
Zimbabwe,3,2021-11-26,2021-12-21,2022-02-10,76,303.68,96966
